{
  "model": "/workspace/bot2026/PPO approach/models/ppo_ensemble_SOL-EUR_1H_20230101-20251231.zip",
  "dataset": "SOL-EUR_1H_20230101-20251231",
  "timestamp": "20260105_134804",
  "aggregate_metrics": {
    "num_episodes": 10,
    "mean_return": 0.3330903790087541,
    "std_return": 0.0,
    "mean_sharpe": 0.3705329759627678,
    "mean_max_dd": 29.29190278793532,
    "total_trades": 0,
    "mean_win_rate": 0.0,
    "mean_profit_factor": NaN,
    "mean_reward": 12.125646072234838,
    "std_reward": 13.913612169975917,
    "action_distribution": {
      "0": 19990,
      "1": 10
    }
  },
  "episodes": [
    {
      "total_return_pct": 0.3330903790087541,
      "sharpe_ratio": 0.3705329759627678,
      "max_drawdown": 29.29190278793532,
      "num_trades": 0,
      "win_rate": 0,
      "avg_win": 0,
      "avg_loss": 0,
      "profit_factor": 0,
      "avg_holding_period": 0,
      "final_equity": 10033.309037900875,
      "initial_equity": 10000.0,
      "episode": 1,
      "episode_length": 2000,
      "total_reward": 24251.292144469673,
      "mean_reward": 12.125646072234838
    },
    {
      "total_return_pct": 0.3330903790087541,
      "sharpe_ratio": 0.3705329759627678,
      "max_drawdown": 29.29190278793532,
      "num_trades": 0,
      "win_rate": 0,
      "avg_win": 0,
      "avg_loss": 0,
      "profit_factor": 0,
      "avg_holding_period": 0,
      "final_equity": 10033.309037900875,
      "initial_equity": 10000.0,
      "episode": 2,
      "episode_length": 2000,
      "total_reward": 24251.292144469673,
      "mean_reward": 12.125646072234838
    },
    {
      "total_return_pct": 0.3330903790087541,
      "sharpe_ratio": 0.3705329759627678,
      "max_drawdown": 29.29190278793532,
      "num_trades": 0,
      "win_rate": 0,
      "avg_win": 0,
      "avg_loss": 0,
      "profit_factor": 0,
      "avg_holding_period": 0,
      "final_equity": 10033.309037900875,
      "initial_equity": 10000.0,
      "episode": 3,
      "episode_length": 2000,
      "total_reward": 24251.292144469673,
      "mean_reward": 12.125646072234838
    },
    {
      "total_return_pct": 0.3330903790087541,
      "sharpe_ratio": 0.3705329759627678,
      "max_drawdown": 29.29190278793532,
      "num_trades": 0,
      "win_rate": 0,
      "avg_win": 0,
      "avg_loss": 0,
      "profit_factor": 0,
      "avg_holding_period": 0,
      "final_equity": 10033.309037900875,
      "initial_equity": 10000.0,
      "episode": 4,
      "episode_length": 2000,
      "total_reward": 24251.292144469673,
      "mean_reward": 12.125646072234838
    },
    {
      "total_return_pct": 0.3330903790087541,
      "sharpe_ratio": 0.3705329759627678,
      "max_drawdown": 29.29190278793532,
      "num_trades": 0,
      "win_rate": 0,
      "avg_win": 0,
      "avg_loss": 0,
      "profit_factor": 0,
      "avg_holding_period": 0,
      "final_equity": 10033.309037900875,
      "initial_equity": 10000.0,
      "episode": 5,
      "episode_length": 2000,
      "total_reward": 24251.292144469673,
      "mean_reward": 12.125646072234838
    },
    {
      "total_return_pct": 0.3330903790087541,
      "sharpe_ratio": 0.3705329759627678,
      "max_drawdown": 29.29190278793532,
      "num_trades": 0,
      "win_rate": 0,
      "avg_win": 0,
      "avg_loss": 0,
      "profit_factor": 0,
      "avg_holding_period": 0,
      "final_equity": 10033.309037900875,
      "initial_equity": 10000.0,
      "episode": 6,
      "episode_length": 2000,
      "total_reward": 24251.292144469673,
      "mean_reward": 12.125646072234838
    },
    {
      "total_return_pct": 0.3330903790087541,
      "sharpe_ratio": 0.3705329759627678,
      "max_drawdown": 29.29190278793532,
      "num_trades": 0,
      "win_rate": 0,
      "avg_win": 0,
      "avg_loss": 0,
      "profit_factor": 0,
      "avg_holding_period": 0,
      "final_equity": 10033.309037900875,
      "initial_equity": 10000.0,
      "episode": 7,
      "episode_length": 2000,
      "total_reward": 24251.292144469673,
      "mean_reward": 12.125646072234838
    },
    {
      "total_return_pct": 0.3330903790087541,
      "sharpe_ratio": 0.3705329759627678,
      "max_drawdown": 29.29190278793532,
      "num_trades": 0,
      "win_rate": 0,
      "avg_win": 0,
      "avg_loss": 0,
      "profit_factor": 0,
      "avg_holding_period": 0,
      "final_equity": 10033.309037900875,
      "initial_equity": 10000.0,
      "episode": 8,
      "episode_length": 2000,
      "total_reward": 24251.292144469673,
      "mean_reward": 12.125646072234838
    },
    {
      "total_return_pct": 0.3330903790087541,
      "sharpe_ratio": 0.3705329759627678,
      "max_drawdown": 29.29190278793532,
      "num_trades": 0,
      "win_rate": 0,
      "avg_win": 0,
      "avg_loss": 0,
      "profit_factor": 0,
      "avg_holding_period": 0,
      "final_equity": 10033.309037900875,
      "initial_equity": 10000.0,
      "episode": 9,
      "episode_length": 2000,
      "total_reward": 24251.292144469673,
      "mean_reward": 12.125646072234838
    },
    {
      "total_return_pct": 0.3330903790087541,
      "sharpe_ratio": 0.3705329759627678,
      "max_drawdown": 29.29190278793532,
      "num_trades": 0,
      "win_rate": 0,
      "avg_win": 0,
      "avg_loss": 0,
      "profit_factor": 0,
      "avg_holding_period": 0,
      "final_equity": 10033.309037900875,
      "initial_equity": 10000.0,
      "episode": 10,
      "episode_length": 2000,
      "total_reward": 24251.292144469673,
      "mean_reward": 12.125646072234838
    }
  ]
}