{
  "model": "/workspace/bot2026/PPO approach/models/ppo_ensemble_SOL-EUR_1H_20230101-20251231.zip",
  "dataset": "SOL-EUR_1H_20230101-20251231",
  "timestamp": "20260105_122925",
  "aggregate_metrics": {
    "num_episodes": 10,
    "mean_return": 37.93424566088119,
    "std_return": 0.0,
    "mean_sharpe": 2.765822641622391,
    "mean_max_dd": 22.844030339638493,
    "total_trades": 0,
    "mean_win_rate": 0.0,
    "mean_profit_factor": NaN,
    "mean_reward": 18.727295701913164,
    "std_reward": 13.721618794345975,
    "action_distribution": {
      "0": 19990,
      "1": 10
    }
  },
  "episodes": [
    {
      "total_return_pct": 37.93424566088119,
      "sharpe_ratio": 2.7658226416223908,
      "max_drawdown": 22.844030339638493,
      "num_trades": 0,
      "win_rate": 0,
      "avg_win": 0,
      "avg_loss": 0,
      "profit_factor": 0,
      "avg_holding_period": 0,
      "final_equity": 13793.424566088119,
      "initial_equity": 10000.0,
      "episode": 1,
      "episode_length": 2000,
      "total_reward": 37454.5914038263,
      "mean_reward": 18.72729570191316
    },
    {
      "total_return_pct": 37.93424566088119,
      "sharpe_ratio": 2.7658226416223908,
      "max_drawdown": 22.844030339638493,
      "num_trades": 0,
      "win_rate": 0,
      "avg_win": 0,
      "avg_loss": 0,
      "profit_factor": 0,
      "avg_holding_period": 0,
      "final_equity": 13793.424566088119,
      "initial_equity": 10000.0,
      "episode": 2,
      "episode_length": 2000,
      "total_reward": 37454.5914038263,
      "mean_reward": 18.72729570191316
    },
    {
      "total_return_pct": 37.93424566088119,
      "sharpe_ratio": 2.7658226416223908,
      "max_drawdown": 22.844030339638493,
      "num_trades": 0,
      "win_rate": 0,
      "avg_win": 0,
      "avg_loss": 0,
      "profit_factor": 0,
      "avg_holding_period": 0,
      "final_equity": 13793.424566088119,
      "initial_equity": 10000.0,
      "episode": 3,
      "episode_length": 2000,
      "total_reward": 37454.5914038263,
      "mean_reward": 18.72729570191316
    },
    {
      "total_return_pct": 37.93424566088119,
      "sharpe_ratio": 2.7658226416223908,
      "max_drawdown": 22.844030339638493,
      "num_trades": 0,
      "win_rate": 0,
      "avg_win": 0,
      "avg_loss": 0,
      "profit_factor": 0,
      "avg_holding_period": 0,
      "final_equity": 13793.424566088119,
      "initial_equity": 10000.0,
      "episode": 4,
      "episode_length": 2000,
      "total_reward": 37454.5914038263,
      "mean_reward": 18.72729570191316
    },
    {
      "total_return_pct": 37.93424566088119,
      "sharpe_ratio": 2.7658226416223908,
      "max_drawdown": 22.844030339638493,
      "num_trades": 0,
      "win_rate": 0,
      "avg_win": 0,
      "avg_loss": 0,
      "profit_factor": 0,
      "avg_holding_period": 0,
      "final_equity": 13793.424566088119,
      "initial_equity": 10000.0,
      "episode": 5,
      "episode_length": 2000,
      "total_reward": 37454.5914038263,
      "mean_reward": 18.72729570191316
    },
    {
      "total_return_pct": 37.93424566088119,
      "sharpe_ratio": 2.7658226416223908,
      "max_drawdown": 22.844030339638493,
      "num_trades": 0,
      "win_rate": 0,
      "avg_win": 0,
      "avg_loss": 0,
      "profit_factor": 0,
      "avg_holding_period": 0,
      "final_equity": 13793.424566088119,
      "initial_equity": 10000.0,
      "episode": 6,
      "episode_length": 2000,
      "total_reward": 37454.5914038263,
      "mean_reward": 18.72729570191316
    },
    {
      "total_return_pct": 37.93424566088119,
      "sharpe_ratio": 2.7658226416223908,
      "max_drawdown": 22.844030339638493,
      "num_trades": 0,
      "win_rate": 0,
      "avg_win": 0,
      "avg_loss": 0,
      "profit_factor": 0,
      "avg_holding_period": 0,
      "final_equity": 13793.424566088119,
      "initial_equity": 10000.0,
      "episode": 7,
      "episode_length": 2000,
      "total_reward": 37454.5914038263,
      "mean_reward": 18.72729570191316
    },
    {
      "total_return_pct": 37.93424566088119,
      "sharpe_ratio": 2.7658226416223908,
      "max_drawdown": 22.844030339638493,
      "num_trades": 0,
      "win_rate": 0,
      "avg_win": 0,
      "avg_loss": 0,
      "profit_factor": 0,
      "avg_holding_period": 0,
      "final_equity": 13793.424566088119,
      "initial_equity": 10000.0,
      "episode": 8,
      "episode_length": 2000,
      "total_reward": 37454.5914038263,
      "mean_reward": 18.72729570191316
    },
    {
      "total_return_pct": 37.93424566088119,
      "sharpe_ratio": 2.7658226416223908,
      "max_drawdown": 22.844030339638493,
      "num_trades": 0,
      "win_rate": 0,
      "avg_win": 0,
      "avg_loss": 0,
      "profit_factor": 0,
      "avg_holding_period": 0,
      "final_equity": 13793.424566088119,
      "initial_equity": 10000.0,
      "episode": 9,
      "episode_length": 2000,
      "total_reward": 37454.5914038263,
      "mean_reward": 18.72729570191316
    },
    {
      "total_return_pct": 37.93424566088119,
      "sharpe_ratio": 2.7658226416223908,
      "max_drawdown": 22.844030339638493,
      "num_trades": 0,
      "win_rate": 0,
      "avg_win": 0,
      "avg_loss": 0,
      "profit_factor": 0,
      "avg_holding_period": 0,
      "final_equity": 13793.424566088119,
      "initial_equity": 10000.0,
      "episode": 10,
      "episode_length": 2000,
      "total_reward": 37454.5914038263,
      "mean_reward": 18.72729570191316
    }
  ]
}