{
  "loss": [
    1.0778794604189255,
    1.024585153542313,
    0.9914556893647886,
    0.9836676272691465,
    0.9723774183030222,
    0.9589572642363754,
    0.9608884921260908,
    0.9628546553499558,
    0.9498789626009324,
    0.9441661577598721,
    0.9442019684641969,
    0.9452049942577586,
    0.9358257137092889,
    0.9374592140609143,
    0.941456094676373,
    0.9313820051211937,
    0.9200664279507655,
    0.9278474496860131,
    0.9254216960832184,
    0.9184881998043434,
    0.9132320506899965,
    0.9169743329870934,
    0.9084743319773206,
    0.9060426214162041,
    0.9040249691290014,
    0.8961461011101218,
    0.9012966494934231,
    0.8944227239664864,
    0.8866592750829809,
    0.8905752616770127,
    0.902806488906636,
    0.9313398506127152,
    0.879859543314167,
    0.8784663852523354,
    0.9054047687380922,
    0.8872448766932768,
    0.8866076142180199,
    0.862477279176899,
    0.9302866821195565,
    0.8843264509649837,
    0.8773522014711418,
    0.8429246953889435,
    0.8278242887235155,
    0.812437075025895,
    0.8042309599764207,
    0.788537441515455,
    0.8003792809505089,
    0.7930291002871943
  ],
  "val_loss": [
    1.0541776418685913,
    0.9622314472993215,
    0.9581098159154257,
    0.9446084797382355,
    0.9499254723389944,
    0.9466189742088318,
    0.9994095762570699,
    1.0020385185877483,
    0.9486407935619354,
    0.9424697458744049,
    0.980118324359258,
    0.9408083458741506,
    0.945481687784195,
    1.0167903701464336,
    0.9424491027990977,
    0.9451223413149515,
    0.9517194728056589,
    0.9237775901953379,
    0.9454971750577291,
    0.96724733710289,
    0.9784072935581207,
    0.9158214131991068,
    0.9380894601345062,
    0.9120683372020721,
    0.9339013397693634,
    0.958483874797821,
    0.919253925482432,
    0.9373297790686289,
    0.9510249594847361,
    0.9076572259267172,
    0.9224590758482615,
    0.9213112791379293,
    0.8894229928652445,
    1.0187989473342896,
    0.9697069923082987,
    0.8967507580916086,
    0.9437960882981619,
    0.904736340045929,
    0.9551182687282562,
    0.9897154768308004,
    0.9330023924509684,
    1.0028677582740784,
    0.9735189775625864,
    0.9129540721575419,
    1.018837531407674,
    0.957857221364975,
    0.9950132171312968,
    1.0183886488278706
  ],
  "accuracy": [
    33.008156085079165,
    41.93187270110347,
    46.713577482808255,
    45.58611866304174,
    50.13593475131937,
    50.263873340796415,
    50.775627698704625,
    51.36734367503598,
    53.054533823764594,
    53.52630737246122,
    53.934111626419316,
    53.886134655365424,
    53.886134655365424,
    54.72573164880857,
    53.862146169838475,
    56.21301775147929,
    56.1170638093715,
    55.56532864225172,
    56.06109067647529,
    57.628338397569166,
    58.27602750679674,
    57.0845993922917,
    59.09163601471294,
    59.0196705581321,
    58.72381256996642,
    59.9872061410523,
    60.466975851591236,
    59.41947865024788,
    61.730369422677114,
    61.65040780425396,
    58.116104269950426,
    56.221013913321606,
    62.88981288981289,
    62.865824404285945,
    59.059651367343676,
    62.41004317927395,
    61.730369422677114,
    65.64049256356948,
    53.91811930273469,
    62.745881976651205,
    62.77786662402047,
    67.64752918599072,
    68.93491124260355,
    71.3577482808252,
    71.7095794018871,
    73.99648168878939,
    72.46121861506477,
    72.97297297297297
  ],
  "val_accuracy": [
    35.611510791366904,
    45.827338129496404,
    49.92805755395683,
    53.669064748201436,
    52.15827338129496,
    53.52517985611511,
    48.56115107913669,
    50.57553956834533,
    53.23741007194245,
    52.805755395683455,
    53.381294964028775,
    51.8705035971223,
    53.16546762589928,
    55.89928057553957,
    55.97122302158273,
    55.39568345323741,
    54.67625899280576,
    55.539568345323744,
    59.568345323741006,
    57.697841726618705,
    58.70503597122302,
    58.41726618705036,
    57.05035971223022,
    59.13669064748201,
    60.431654676258994,
    56.97841726618705,
    57.48201438848921,
    58.05755395683453,
    59.280575539568346,
    57.76978417266187,
    55.75539568345324,
    57.194244604316545,
    58.776978417266186,
    54.31654676258993,
    58.1294964028777,
    58.70503597122302,
    59.92805755395683,
    59.13669064748201,
    57.55395683453237,
    56.330935251798564,
    58.273381294964025,
    54.172661870503596,
    56.2589928057554,
    60.07194244604317,
    54.67625899280576,
    57.194244604316545,
    55.611510791366904,
    54.31654676258993
  ]
}