{
  "loss": [
    1.0678360380378424,
    0.9807178319669237,
    0.9639556197559133,
    0.9522321960505318,
    0.9970823292638741,
    0.9555341379315245,
    0.9455900577937856,
    0.9478672742843628,
    0.9444100038678038,
    0.9364855686823527,
    0.9432717105921578,
    0.9370946603662828,
    0.9432424271807951,
    0.9267666246376786,
    0.9208898415752486,
    0.9199270687851251,
    0.9183002125983145,
    0.9334423939387003,
    0.9273276831589493,
    0.9206865277944827,
    0.9181201130736107,
    0.9124110142389933
  ],
  "val_loss": [
    0.992392102877299,
    0.9195126394430796,
    0.9766130646069845,
    1.051694671312968,
    0.920396496852239,
    0.936400572458903,
    0.9491055309772491,
    0.9488430122534434,
    0.9227745234966278,
    0.9374924302101135,
    0.9228510757287344,
    0.9212373395760854,
    0.9331691960493723,
    0.9420425792535146,
    0.9417669673760732,
    0.957221786181132,
    0.9362837374210358,
    0.95208211739858,
    0.9386345545450846,
    0.9385240077972412,
    0.9450042049090067,
    0.9703390498956045
  ],
  "accuracy": [
    31.75178590468067,
    47.382450154600704,
    51.391406333297795,
    52.91608913530227,
    46.46550804989871,
    52.4043074954686,
    53.58780253758396,
    53.992963002452285,
    55.04851263460923,
    55.58161850943598,
    54.3341507623414,
    55.48565945196716,
    55.368376159505274,
    57.83132530120482,
    58.001919181149376,
    58.39641752852116,
    59.089455165795925,
    57.77801471372214,
    57.79933894871522,
    58.60965987845186,
    59.05746881330632,
    59.53726410065039
  ],
  "val_accuracy": [
    50.33557046979866,
    57.90987535953979,
    46.59635666347076,
    40.556088207094916,
    53.97890699904123,
    52.73250239693193,
    51.67785234899329,
    52.06136145733461,
    56.0882070949185,
    57.238734419942475,
    56.375838926174495,
    53.21188878235858,
    57.142857142857146,
    55.70469798657718,
    54.07478427612656,
    53.88302972195589,
    54.8418024928092,
    54.93767976989454,
    56.75934803451582,
    55.41706615532119,
    56.18408437200384,
    54.93767976989454
  ]
}