{
  "loss": [
    1.079529556573606,
    1.0183390764629139,
    0.9891979121694378,
    0.9790677732112361,
    0.9602135934081732,
    0.9609730080062268,
    0.9543908776021471,
    0.942169492151223,
    0.9461511548827676,
    0.9379435485484553,
    0.9370891568707485,
    0.9385900146820966,
    0.9233739399442485,
    0.9254369653907477,
    0.941463592005711,
    0.9297279703850839,
    0.9177519772567001,
    0.9180740293334512,
    0.9127631129003039,
    0.9015449005014756,
    0.9001942721067691,
    0.9011191947787416,
    0.8925221971437043,
    0.8904627912184772,
    0.8910234243262047,
    0.8915284322757348,
    0.890204977755453,
    0.888879723408643,
    0.8836347624367359,
    0.8755410874591154,
    0.8694111751575097,
    0.8623390127630794,
    0.8724272905611524,
    0.8682145464654062,
    0.8551594509797937,
    0.860116203625997
  ],
  "val_loss": [
    1.0438588758309681,
    0.9824221432209015,
    0.9616486628850301,
    0.9395271241664886,
    0.9691290557384491,
    0.9172688623269399,
    0.9134264588356018,
    0.9135016798973083,
    0.9072376489639282,
    0.9067371090253195,
    0.9620993534723917,
    0.9298914770285288,
    0.9091718892256418,
    0.943939725557963,
    0.9113981227080027,
    0.9169013599554697,
    0.9469014902909597,
    0.939712236324946,
    0.9376455346743265,
    0.9405927757422129,
    0.9010180731614431,
    0.9343059460322062,
    0.9210814535617828,
    0.9303416212399801,
    0.9382519324620565,
    0.9120239019393921,
    0.9586025476455688,
    0.916706363360087,
    0.9100839893023173,
    0.9415076275666555,
    0.9547438522179922,
    0.917886753877004,
    0.9262489775816599,
    0.923142155011495,
    0.9223902324835459,
    0.9407348732153574
  ],
  "accuracy": [
    34.17559571405725,
    45.64209179593795,
    48.63265632496402,
    46.81752758675836,
    52.071005917159766,
    50.863585478970094,
    52.03102510794818,
    53.398368782984164,
    52.39884855269471,
    54.10203102510795,
    54.76571245802015,
    54.00607708300016,
    56.956660802814646,
    56.68479130017592,
    55.17351671197825,
    56.8287222133376,
    58.16408124100432,
    57.42843435151128,
    58.46793539101231,
    60.1951063489525,
    60.554933631856706,
    60.17111786342556,
    60.299056452902605,
    61.714377098992486,
    60.98672637134175,
    62.55397409243563,
    61.30657284503438,
    62.09019670558132,
    61.74636174636175,
    63.42555573324804,
    64.78490324644171,
    64.71293778986087,
    63.00975531744763,
    64.55301455301455,
    65.4405885175116,
    65.21669598592676
  ],
  "val_accuracy": [
    46.97841726618705,
    51.65467625899281,
    51.65467625899281,
    54.24460431654676,
    51.15107913669065,
    53.669064748201436,
    55.10791366906475,
    53.81294964028777,
    56.2589928057554,
    56.83453237410072,
    51.510791366906474,
    57.26618705035971,
    57.26618705035971,
    60.935251798561154,
    59.42446043165467,
    61.223021582733814,
    55.89928057553957,
    51.726618705035975,
    60.431654676258994,
    59.568345323741006,
    61.8705035971223,
    58.70503597122302,
    60.935251798561154,
    61.07913669064748,
    58.776978417266186,
    61.8705035971223,
    60.86330935251799,
    60.35971223021583,
    64.02877697841727,
    60.57553956834533,
    58.63309352517986,
    61.94244604316547,
    61.510791366906474,
    61.65467625899281,
    61.43884892086331,
    60.07194244604317
  ]
}