{
  "loss": [
    1.0560292823641908,
    0.9712602881824269,
    1.0206300277335971,
    0.9611681863373401,
    0.957476841468437,
    0.9505785317981944,
    0.9561497288591722,
    0.9444318542293474,
    0.9412825364692539,
    0.9406970587431216,
    0.9729161157327539,
    0.9482798424421572,
    0.9396472199290407,
    0.9320580737263549,
    0.9341214322576336,
    0.9294815379030564,
    0.923103018134248,
    0.9281527388329599,
    0.9318374500555151,
    0.9176812697859371,
    0.9505960707570992,
    0.9369639952977499,
    0.9156517631867352,
    0.9297354642082664,
    0.9311845068838082,
    0.9201819230528439,
    0.9137599631851795,
    0.9171792210317126,
    0.9142677386601766,
    0.9126506295858645,
    0.9080078578462788,
    0.9061379432678223,
    0.9083255096977833,
    0.9079541306869656
  ],
  "val_loss": [
    0.9449539681275686,
    0.9793606400489807,
    0.945327470699946,
    0.9263578355312347,
    0.9343785444895426,
    0.9156848688920339,
    0.9121212859948477,
    0.9188898007074991,
    0.9114837249120077,
    0.9377210140228271,
    0.9239246944586436,
    0.932357668876648,
    0.9596582154432932,
    0.9098464647928873,
    0.9461389283339182,
    0.9498195350170135,
    0.9370646377404531,
    0.9670809904734293,
    0.9454001784324646,
    0.9952848354975382,
    0.9806526203950247,
    0.9583694338798523,
    0.9355097313721975,
    1.0230047603448231,
    0.9142188330491384,
    0.9644377529621124,
    0.9503366351127625,
    0.9595812062422434,
    0.9939796129862467,
    0.9623305797576904,
    0.9586549997329712,
    0.9681267837683359,
    0.9734516640504202,
    0.936498761177063
  ],
  "accuracy": [
    32.51239405085559,
    49.048456740764436,
    42.555573324804094,
    51.43131296977451,
    51.12745881976651,
    52.35886774348313,
    52.870622101391334,
    53.71021909483448,
    54.325923556692786,
    54.18998880537342,
    49.3363185670878,
    52.942587557972175,
    54.76571245802015,
    55.46937470014393,
    55.54134015672477,
    56.332960179114025,
    57.30849192387654,
    56.5728450343835,
    57.076603230449386,
    57.22853030545338,
    54.75771629617783,
    54.78170478170478,
    58.39596993443147,
    57.05261474492244,
    57.38845354229969,
    56.564848872541184,
    58.84375499760115,
    58.228050535742845,
    57.84423476731169,
    58.915720454181994,
    59.34751319366704,
    58.10011194626579,
    59.451463297617146,
    59.70734047657125
  ],
  "val_accuracy": [
    47.9136690647482,
    45.03597122302158,
    51.36690647482014,
    55.03597122302158,
    54.02877697841727,
    55.25179856115108,
    54.74820143884892,
    55.39568345323741,
    55.39568345323741,
    50.431654676258994,
    55.75539568345324,
    57.12230215827338,
    55.68345323741007,
    53.597122302158276,
    55.25179856115108,
    55.611510791366904,
    57.33812949640288,
    56.97841726618705,
    58.489208633093526,
    54.24460431654676,
    58.92086330935252,
    59.13669064748201,
    57.05035971223022,
    54.53237410071942,
    54.74820143884892,
    54.31654676258993,
    56.18705035971223,
    55.75539568345324,
    54.67625899280576,
    56.115107913669064,
    56.402877697841724,
    55.75539568345324,
    56.330935251798564,
    58.70503597122302
  ]
}