{
  "loss": [
    1.0952173870613133,
    1.061278227767254,
    1.018321569419015,
    0.9950200424474829,
    0.9808058455519008,
    0.967464280883651,
    0.9547226658234229,
    0.9495244266220887,
    0.945731345075288,
    0.944174881973957,
    0.9398713122665613,
    0.937729497301093,
    0.9354284260068004,
    0.9338709833395428,
    0.9288319724177883,
    0.9256905268759749,
    0.9195013796042533,
    0.9209889370391812,
    0.9090669867140135,
    0.9084340770859524,
    0.9031196902779972,
    0.8980344900718102,
    0.8974819369445559,
    0.8960687029955074,
    0.8923571775941288,
    0.8877109364686508,
    0.889796831758853,
    0.880007231667031,
    0.8793403050478767,
    0.8771599069979396,
    0.8762953516045308,
    0.8726901549559373,
    0.8745925191840435,
    0.8690279150440682,
    0.8670136915073136,
    0.8663727347127992
  ],
  "val_loss": [
    1.1002358388900757,
    1.0859048414230346,
    1.0556827521324157,
    1.0302935361862182,
    1.0036201238632203,
    0.9949652457237244,
    0.975417058467865,
    0.9616162586212158,
    0.9620471024513244,
    0.9594679355621338,
    0.9588081812858582,
    0.9434765005111694,
    0.9550794768333435,
    0.9515443325042725,
    0.979606204032898,
    0.945868797302246,
    0.9442860317230225,
    0.9494792723655701,
    0.9405738878250122,
    0.9419292426109314,
    0.9354881453514099,
    0.9436735439300538,
    0.9555149126052856,
    0.9495159006118774,
    0.9458975791931152,
    0.948689181804657,
    0.9475896954536438,
    0.9385205578804016,
    0.9441189074516296,
    0.9472704267501831,
    0.9462644839286805,
    0.9465444087982178,
    0.9430735421180725,
    0.9499234986305237,
    0.947175703048706,
    0.9489762544631958
  ],
  "accuracy": [
    29.14626357249308,
    35.11461216379249,
    42.835852671918246,
    45.44744872613725,
    47.108083173656944,
    49.49258391881343,
    52.239017812788305,
    53.388687814917326,
    53.25384997516145,
    53.57320275353062,
    54.87190405223192,
    55.08480590447804,
    55.36867504080619,
    55.829962387339435,
    56.30544319068909,
    57.07898658718331,
    57.96607763820879,
    57.41253282236889,
    59.42800369029877,
    59.81832375274998,
    59.86800085160741,
    61.23057270598254,
    61.13831523667589,
    61.81250443545525,
    61.911858633170105,
    62.571854375133064,
    62.4441132637854,
    62.88411042509403,
    63.721524377262085,
    64.16861826697892,
    64.1047477113051,
    64.92087147824853,
    64.53055141579732,
    65.26151444184231,
    65.55957703498687,
    65.4105457384146
  ],
  "val_accuracy": [
    26.372924648786718,
    27.77777777777778,
    29.757343550446997,
    31.800766283524904,
    39.33588761174968,
    44.252873563218394,
    48.02043422733078,
    52.490421455938694,
    52.55427841634738,
    52.171136653895275,
    53.83141762452107,
    57.34355044699872,
    52.618135376756065,
    54.34227330779055,
    48.97828863346105,
    56.641123882503194,
    56.38569604086845,
    54.46998722860792,
    57.47126436781609,
    57.088122605363985,
    57.79054916985952,
    56.38569604086845,
    54.533844189016605,
    56.513409961685824,
    56.768837803320565,
    56.44955300127714,
    55.87484035759898,
    59.25925925925926,
    58.04597701149425,
    56.57726692209451,
    57.982120051085566,
    57.27969348659004,
    57.982120051085566,
    57.15197956577267,
    57.72669220945083,
    57.91826309067688
  ]
}