{
  "loss": [
    1.0516052456463085,
    0.9809986212674309,
    0.9712822390537635,
    0.9622517520306157,
    0.9564340628829657,
    0.9550397512959499,
    0.9588443461586448,
    0.9472208034758475,
    0.9376952870219362,
    0.9403628893927032,
    0.9281758303735771,
    0.93631645043691,
    0.929729840334724,
    0.9432076765041725,
    0.9223032021055034,
    0.9165630913248249,
    0.9151887648245868,
    0.9149600629713021,
    0.9133090914464465,
    0.9059722107999465,
    0.9059751618142221,
    0.9047930240631104,
    0.9053650439954272,
    0.8962273539281359,
    0.8994283091788199,
    0.9011477267040926
  ],
  "val_loss": [
    0.9647866388161978,
    0.9394748111565908,
    0.9418434898058573,
    0.9498372177282969,
    0.9416429003079733,
    0.9247058629989624,
    0.9272603193918864,
    0.9210651516914368,
    0.9177905023097992,
    0.9451227386792501,
    0.9125436345736185,
    0.9341102143128713,
    1.0510489841302235,
    0.9406200051307678,
    0.9681690235932668,
    0.9565694133440653,
    0.9458596805731455,
    0.9291913211345673,
    0.9331756134827932,
    0.9450109501679739,
    0.9125660558541616,
    0.982049842675527,
    0.9548359910647074,
    0.9671575923760732,
    0.936178853114446,
    0.9862735966841379
  ],
  "accuracy": [
    32.99216376139453,
    48.48072924996002,
    50.52774668159284,
    51.927075003998084,
    52.662721893491124,
    53.59827282904206,
    51.767151767151766,
    54.58979689748921,
    55.22149368303214,
    55.1495282264513,
    56.99664161202623,
    54.58979689748921,
    55.64529026067488,
    54.557812250119945,
    56.92467615544539,
    57.468415160722856,
    58.180073564688946,
    58.37997761074684,
    57.948184871261795,
    58.93970893970894,
    58.763793379178,
    59.099632176555254,
    59.06764752918599,
    59.67535582920198,
    60.3470334239565,
    59.59539421077883
  ],
  "val_accuracy": [
    43.884892086330936,
    51.36690647482014,
    55.539568345323744,
    53.884892086330936,
    55.611510791366904,
    54.02877697841727,
    55.17985611510792,
    54.74820143884892,
    56.2589928057554,
    54.82014388489208,
    51.43884892086331,
    54.89208633093525,
    56.69064748201439,
    58.273381294964025,
    55.39568345323741,
    55.89928057553957,
    58.84892086330935,
    58.84892086330935,
    57.55395683453237,
    57.76978417266187,
    56.47482014388489,
    57.194244604316545,
    57.194244604316545,
    58.70503597122302,
    58.34532374100719,
    57.194244604316545
  ]
}