{
  "loss": [
    1.0899714641441587,
    1.0050355851380535,
    0.9706269996198593,
    0.9583662985676554,
    0.9492675319516282,
    0.9447603951212508,
    0.9391719580236064,
    0.9385848304265225,
    0.9370071467231301,
    0.9343888050290794,
    0.9316560593665455,
    0.9315412031039932,
    0.9297737009924462,
    0.9274888909780062,
    0.9239456915208117,
    0.9271575921800881,
    0.9224448074582475,
    0.9190590066068313,
    0.9208008096768305,
    0.9169509346129129,
    0.9146060142581819,
    0.9132390122068413,
    0.912361524223742,
    0.9125150288391977,
    0.9109457477724929,
    0.9109473047752725,
    0.9106756772390857,
    0.9067489208139445,
    0.9067001709571252,
    0.9050521087322839
  ],
  "val_loss": [
    1.0933389902114867,
    1.0298765230178832,
    1.0015339875221252,
    0.991400260925293,
    1.0065331888198852,
    0.9863846206665039,
    0.9660806727409362,
    0.9461568307876587,
    0.9760527014732361,
    0.9486594581604004,
    0.9645222973823547,
    0.9721601343154908,
    0.9563549566268921,
    0.9693960952758789,
    0.9266043210029602,
    0.9423584723472596,
    0.9360774731636048,
    0.9540503478050232,
    0.9370695614814758,
    0.9382225894927978,
    0.9717741632461547,
    0.9516642475128174,
    0.9413728451728821,
    0.9513569569587708,
    0.9610643768310547,
    0.9530705571174621,
    0.9784690809249877,
    0.9591327357292175,
    0.9852778053283692,
    0.9722178959846497
  ],
  "accuracy": [
    36.45589383294301,
    40.06103186431055,
    46.69647292598112,
    50.145482932368175,
    52.572564047973884,
    53.12610886381378,
    53.97771627279824,
    54.32545596480023,
    54.949968064722164,
    55.08480590447804,
    54.79384003974168,
    55.11319281811085,
    56.34802356113831,
    56.09254133844298,
    56.34802356113831,
    56.46866794407778,
    57.22092115534738,
    57.710595415513446,
    57.817046341636505,
    57.923497267759565,
    58.200269675679515,
    58.84607196082606,
    58.66865375062096,
    58.75381449151941,
    59.300262578951106,
    59.030586899439356,
    58.817685047193244,
    59.89638776524023,
    59.73316301185154,
    59.70477609821872
  ],
  "val_accuracy": [
    25.15964240102171,
    34.099616858237546,
    43.86973180076628,
    43.74201787994892,
    40.42145593869732,
    45.84929757343551,
    48.85057471264368,
    57.34355044699872,
    48.40357598978289,
    53.3205619412516,
    51.14942528735632,
    46.48786717752235,
    51.27713920817369,
    49.68071519795658,
    59.770114942528735,
    56.00255427841635,
    57.15197956577267,
    53.12899106002554,
    57.47126436781609,
    57.47126436781609,
    51.02171136653895,
    55.747126436781606,
    57.535121328224776,
    53.959131545338444,
    51.97956577266922,
    54.91698595146871,
    51.97956577266922,
    55.93869731800766,
    50.44699872286079,
    53.89527458492976
  ]
}