{
  "loss": [
    1.0863748028267564,
    0.9981354941609758,
    0.9674183065535257,
    0.9600062812615304,
    0.9533161030096167,
    0.9470433978473439,
    0.9489187352797565,
    0.9407097815927876,
    0.9389176614144269,
    0.9396711749728449,
    0.9331149283577415,
    0.9328047598109526,
    0.9306059191129866,
    0.9293943317227773,
    0.9248545409867127,
    0.9243989772926089,
    0.9235959236438458,
    0.9240148207720589,
    0.9230554192853729,
    0.9203540518273056,
    0.9175584885329683,
    0.9201475031235639,
    0.9154986585427194,
    0.9119128636105568,
    0.9117218725282142,
    0.9148637897828046,
    0.9119667615825774,
    0.9066060479410094,
    0.8998447125314047,
    0.8983247889652511,
    0.8952170507940231,
    0.8941609899922194,
    0.8923081944431115,
    0.8936057781202221,
    0.88631571040434,
    0.8870647778877845,
    0.8843106365851148,
    0.8859931737589081,
    0.8844917006622073,
    0.8830757739856772,
    0.8798265424788807,
    0.8786931984564837
  ],
  "val_loss": [
    1.071493525505066,
    1.0184905195236207,
    1.0296931958198547,
    0.9926376032829285,
    0.9790093564987182,
    0.99525963306427,
    0.979523823261261,
    0.9625843334197998,
    0.9533828997611999,
    0.9970883440971374,
    0.9547538161277771,
    0.952498369216919,
    0.9508323168754578,
    0.942572557926178,
    0.9533981943130493,
    0.9547153615951538,
    0.9786165118217468,
    0.9849525237083435,
    0.9402027440071106,
    0.9534336566925049,
    0.9548196482658386,
    0.9285951614379883,
    0.9957188415527344,
    0.9811047506332398,
    0.9556562638282776,
    1.0376142597198486,
    0.9797308802604675,
    0.9813544988632202,
    0.9894663095474243,
    0.9969156765937806,
    0.9858853483200073,
    1.0006224775314332,
    1.0122191643714904,
    1.0051191425323487,
    1.011755564212799,
    1.0142785286903382,
    1.0267773485183715,
    1.00191339969635,
    1.0082253527641296,
    1.0123427033424377,
    1.0114849996566773,
    1.0201571083068848
  ],
  "accuracy": [
    33.723653395784545,
    42.06230927542403,
    48.74742743595203,
    49.32226243701653,
    50.968703427719824,
    52.38095238095238,
    51.8628912071535,
    53.59449293875523,
    53.94223263075722,
    54.01319991483926,
    54.80803349655809,
    55.16996664537648,
    55.80867220211483,
    55.7518983748492,
    56.45447448726137,
    56.74544035199773,
    56.42608757362856,
    57.0647931303669,
    56.773827265630544,
    57.533177205308355,
    57.377049180327866,
    57.39833936555248,
    58.874458874458874,
    58.46994535519126,
    58.95252288694912,
    57.476403378042725,
    58.61187992335533,
    59.61961535732028,
    60.54219005038677,
    60.74089844581648,
    61.20928252075793,
    61.35831381733021,
    61.294443261656376,
    61.66347313888298,
    62.53637073309204,
    62.60733801717408,
    63.011851536441704,
    62.6428216592151,
    63.054431906890926,
    63.23894684550422,
    63.721524377262085,
    63.5724930806898
  ],
  "val_accuracy": [
    30.33205619412516,
    39.20817369093231,
    37.03703703703704,
    44.699872286079184,
    50.0,
    44.50830140485313,
    45.08301404853129,
    49.42528735632184,
    51.6602809706258,
    45.21072796934866,
    53.192848020434226,
    51.34099616858238,
    53.38441890166028,
    53.44827586206897,
    51.02171136653895,
    54.15070242656449,
    48.78671775223499,
    46.55172413793103,
    56.06641123882503,
    54.853128991060025,
    54.980842911877396,
    60.02554278416348,
    46.42401021711367,
    51.14942528735632,
    54.08684546615581,
    38.441890166028095,
    49.169859514687104,
    52.298850574712645,
    47.956577266922096,
    46.74329501915709,
    50.70242656449553,
    50.25542784163474,
    49.29757343550447,
    49.23371647509578,
    49.36143039591315,
    49.489144316730524,
    47.12643678160919,
    50.510855683269476,
    49.936143039591315,
    49.04214559386973,
    49.489144316730524,
    49.36143039591315
  ]
}