{
  "loss": [
    1.0955864730463847,
    1.060017333311193,
    1.0109059387202717,
    0.9847187639901002,
    0.9691740797655615,
    0.956061106461745,
    0.9516685605049133,
    0.9465021294166599,
    0.9400174097238083,
    0.9381136543610517,
    0.9365330273749063,
    0.9337697776194611,
    0.9307604127340188,
    0.9269798373744499,
    0.924505598135124,
    0.9217294797099014,
    0.9198776122132039,
    0.9079052919176369,
    0.9055645832648644,
    0.9063110416291525,
    0.8998588299319755,
    0.8990161284062658,
    0.8984713654172906,
    0.8923266252241523,
    0.8930477305774775,
    0.8855273370289695,
    0.8847621557939106,
    0.8808701073422152,
    0.879578405645638,
    0.8800452545757207,
    0.8764062362019293,
    0.8716976505059463,
    0.8733437266285063,
    0.8727724074777974
  ],
  "val_loss": [
    1.096943588256836,
    1.0660840940475464,
    1.040006821155548,
    1.0195833158493042,
    1.005884084701538,
    0.9942999744415283,
    0.9777472472190857,
    0.9678368878364563,
    0.9863475775718689,
    0.9676616144180298,
    0.9361343860626221,
    0.9467779588699341,
    0.9714179968833924,
    0.9381323266029358,
    0.9679508018493652,
    0.9629397344589233,
    0.9568349766731262,
    0.9614658069610595,
    0.9346909236907959,
    0.9531459927558898,
    0.9540045404434204,
    0.9534543013572693,
    0.9630709767341614,
    0.9731886339187622,
    0.9360919570922852,
    0.9404927945137024,
    0.9635148572921753,
    0.9500409507751465,
    0.9684310531616211,
    0.9698600840568542,
    0.980197947025299,
    0.967274215221405,
    0.9601774048805237,
    0.959531614780426
  ],
  "accuracy": [
    28.280462706692216,
    33.21268895039387,
    41.50166773117593,
    45.24164360229934,
    48.40678447235824,
    51.515151515151516,
    52.19643744233908,
    53.189979419487614,
    54.20481158186076,
    54.729969484067844,
    55.063515719253424,
    55.326094670356966,
    55.773188560073805,
    56.277056277056275,
    56.986729117876656,
    57.41253282236889,
    57.74607905755447,
    59.07316726988858,
    59.77574338230076,
    59.95316159250586,
    60.71251153218366,
    61.131218508267686,
    60.89702647079696,
    62.21701795472287,
    62.0892768433752,
    63.12539919097296,
    62.56475764672486,
    63.79249166134412,
    63.71442764885388,
    63.3808814136683,
    64.29635937832658,
    64.79313036690085,
    64.76474345326804,
    63.97700659995742
  ],
  "val_accuracy": [
    27.841634738186464,
    28.41634738186462,
    30.65134099616858,
    33.84418901660281,
    35.887611749680715,
    42.20945083014048,
    46.55172413793103,
    49.36143039591315,
    48.46743295019157,
    50.830140485312896,
    57.59897828863346,
    54.853128991060025,
    47.63729246487867,
    57.8544061302682,
    48.08429118773947,
    52.23499361430396,
    52.93742017879949,
    51.851851851851855,
    57.215836526181356,
    53.7037037037037,
    55.61941251596424,
    54.406130268199234,
    53.065134099616856,
    51.59642401021711,
    58.30140485312899,
    58.93997445721584,
    53.63984674329502,
    56.38569604086845,
    53.57598978288633,
    53.25670498084291,
    51.21328224776501,
    54.02298850574713,
    55.10855683269477,
    55.300127713920816
  ]
}