{
  "loss": [
    1.0663459569800133,
    0.9727928159283656,
    0.9559978527181289,
    0.9549649112364825,
    0.9507600033984465,
    0.9760020036323398,
    0.9565587277505913,
    0.9701551514513352,
    1.2088606310825722,
    1.2058232414956187,
    1.200581226863113,
    1.2045974941814648,
    1.205130235821593,
    1.2052183431737564,
    1.209472936742446,
    1.2053090614431046,
    1.2077685407563752,
    1.2051300020778881,
    1.2137450494018256
  ],
  "val_loss": [
    0.9581455190976461,
    0.9266392787297567,
    0.9232184290885925,
    0.9150202473004659,
    0.9370539983113607,
    0.9227240284283956,
    0.9843763510386149,
    1.1826606790224712,
    1.1826606790224712,
    1.182660659154256,
    1.1826606790224712,
    1.1826606194178264,
    1.1826605796813965,
    1.1826604803403218,
    1.1826603313287098,
    1.1826599538326263,
    1.182659884293874,
    1.1826597551504772,
    1.182659258445104
  ],
  "accuracy": [
    31.65680473372781,
    48.304813689429075,
    51.72717095794019,
    51.975051975051976,
    53.17447625139933,
    49.14441068287222,
    51.56724772109388,
    50.80761234607388,
    23.804573804573806,
    23.804573804573806,
    23.804573804573806,
    23.804573804573806,
    23.804573804573806,
    23.804573804573806,
    23.804573804573806,
    23.804573804573806,
    23.804573804573806,
    23.804573804573806,
    23.804573804573806
  ],
  "val_accuracy": [
    47.410071942446045,
    54.82014388489208,
    54.89208633093525,
    54.460431654676256,
    51.58273381294964,
    55.827338129496404,
    52.37410071942446,
    26.618705035971225,
    26.618705035971225,
    26.618705035971225,
    26.618705035971225,
    26.618705035971225,
    26.618705035971225,
    26.618705035971225,
    26.618705035971225,
    26.618705035971225,
    26.618705035971225,
    26.618705035971225,
    26.618705035971225
  ]
}