{
  "loss": [
    1.0743143418255974,
    1.0000441915848677,
    0.9817478820389393,
    0.9687828947516048,
    0.9672339149549896,
    0.9519421107628766,
    0.9572431480183321,
    0.9518805672140682,
    0.9467860086291444,
    0.9395835329504574,
    0.9400493864919625,
    0.94048004173765,
    0.9339909822333092,
    0.9347457348131666,
    0.9404306189686644,
    0.9372758047253478,
    0.9288911340283412,
    0.9250984682756311,
    0.9188831413493437,
    0.9180216391881307,
    0.9160536071833443,
    0.9134192478423026,
    0.9191749563404158,
    0.9194456888180152,
    0.9183251261711121,
    0.9115490808206446,
    0.9158087232533623,
    0.9093897997164259,
    0.9081386853666866,
    0.9066086493286432,
    0.9082892583865746,
    0.9094241904277428,
    0.915989521671744,
    0.9134155301486745
  ],
  "val_loss": [
    1.0113149881362915,
    0.9481692214806875,
    0.9417409002780914,
    0.9428244431813558,
    0.9530346691608429,
    0.9238486289978027,
    0.9506962299346924,
    0.9210436145464579,
    0.9588132500648499,
    0.9302980502446493,
    0.921185036500295,
    0.9289567768573761,
    0.9283882478872935,
    0.9743253191312155,
    0.9817212621370951,
    1.0253563523292542,
    0.9611202776432037,
    0.9391073286533356,
    0.917029877503713,
    0.9702682594458262,
    0.9485966662565867,
    0.9480145573616028,
    0.95907195409139,
    0.951772004365921,
    0.9617410997549692,
    0.9913606444994608,
    0.9626709322134653,
    0.9494002163410187,
    0.943520704905192,
    0.9521225790182749,
    0.9466871619224548,
    0.9580886562665304,
    0.9592640995979309,
    0.9747220973173777
  ],
  "accuracy": [
    30.761234607388452,
    43.99488245642092,
    48.16887893810971,
    50.495762034223574,
    51.20742043818967,
    53.14249160403006,
    52.03102510794818,
    53.590276667199745,
    51.8870941947865,
    54.85367023828562,
    54.34191588037742,
    54.56580841196226,
    54.73372781065089,
    55.79721733567887,
    54.22197345274268,
    54.86166640012794,
    56.97265312649928,
    56.636814329122025,
    56.5728450343835,
    57.02063009755317,
    57.212537981768754,
    57.29249960019191,
    55.965136734367505,
    57.628338397569166,
    56.43691028306413,
    58.020150327842636,
    57.19654565808412,
    57.54837677914601,
    58.316008316008315,
    57.948184871261795,
    57.72429233967696,
    58.23604669758516,
    57.924196385734845,
    58.435950743643055
  ],
  "val_accuracy": [
    41.15107913669065,
    49.064748201438846,
    53.381294964028775,
    55.75539568345324,
    53.884892086330936,
    54.53237410071942,
    55.611510791366904,
    53.16546762589928,
    55.68345323741007,
    55.68345323741007,
    54.24460431654676,
    55.39568345323741,
    55.75539568345324,
    53.30935251798561,
    52.44604316546763,
    57.410071942446045,
    54.460431654676256,
    55.97122302158273,
    54.460431654676256,
    54.388489208633096,
    55.46762589928058,
    55.539568345323744,
    56.18705035971223,
    55.03597122302158,
    55.68345323741007,
    55.17985611510792,
    54.96402877697842,
    56.2589928057554,
    55.827338129496404,
    55.17985611510792,
    56.47482014388489,
    56.0431654676259,
    56.115107913669064,
    55.539568345323744
  ]
}