{
  "loss": [
    1.0877693168717812,
    1.0109609629773446,
    0.9745084931947526,
    0.9640002741533167,
    0.9549715095515704,
    0.9551148328306448,
    0.9487473301218645,
    0.9460073944130635,
    0.9409188498738664,
    0.9455045825755435,
    0.9360443396805638,
    0.9329789224253521,
    0.9356773948777315,
    0.9289890117774722,
    0.9296158479349645,
    0.9261341445586261,
    0.9233582006320694,
    0.9242827242316164,
    0.9235520710772519,
    0.9193287413584161,
    0.9193419536314399,
    0.9186812819938315,
    0.9163252824571877,
    0.9198661624576172,
    0.9162755581588228,
    0.9141927463975967,
    0.9135692863982188,
    0.9117490266243257,
    0.9150113115483279,
    0.9112283304266261,
    0.9124154815307031,
    0.911515088912049,
    0.9096177417228665,
    0.9093232100905336
  ],
  "val_loss": [
    1.053899793624878,
    0.9849220299720765,
    0.9660601925849914,
    0.9617657494544983,
    0.977869610786438,
    0.9540665435791016,
    0.9638918447494507,
    0.9504747724533081,
    0.9724819946289063,
    0.944954686164856,
    0.9674482369422912,
    0.9451290965080261,
    0.9452774477005005,
    0.9488197231292724,
    0.9623171973228455,
    0.9495091295242309,
    0.9522576975822449,
    0.9550696754455567,
    0.9386465120315551,
    0.9581184244155884,
    0.942357964515686,
    0.9441826963424682,
    0.9501372122764588,
    0.9429385018348694,
    0.9473990368843078,
    0.9463354444503784,
    0.9471649193763733,
    0.9459793543815613,
    0.9474183392524719,
    0.9518623757362366,
    0.9498314976692199,
    0.9459383988380432,
    0.9484022212028503,
    0.9483648562431335
  ],
  "accuracy": [
    53.69384713647009,
    51.19579873678234,
    52.835142999077426,
    54.289972322759205,
    55.28351429990774,
    55.96480022709531,
    56.660279611099284,
    56.85898800652899,
    57.653821588247816,
    56.89447164857001,
    58.33510751543538,
    58.47704208359946,
    58.33510751543538,
    59.44219714711518,
    59.037683627847564,
    59.4918742459726,
    59.910581222056635,
    59.61251862891207,
    60.10219288907813,
    59.640905542544886,
    59.697679369810515,
    60.031225604996095,
    60.51380313675396,
    60.05251579022071,
    60.535093321978565,
    60.60606060606061,
    60.62735079128522,
    60.811865729898514,
    60.641544248101624,
    60.93251011283798,
    60.55638350720318,
    60.953800298062596,
    61.13831523667589,
    61.3299269036974
  ],
  "val_accuracy": [
    54.406130268199234,
    49.616858237547895,
    57.407407407407405,
    55.172413793103445,
    52.171136653895275,
    56.89655172413793,
    52.36270753512133,
    56.960408684546614,
    50.830140485312896,
    58.748403575989784,
    51.724137931034484,
    56.32183908045977,
    57.215836526181356,
    55.49169859514687,
    53.63984674329502,
    54.34227330779055,
    53.44827586206897,
    53.25670498084291,
    58.36526181353768,
    52.93742017879949,
    55.81098339719029,
    56.768837803320565,
    54.59770114942529,
    57.088122605363985,
    54.59770114942529,
    56.06641123882503,
    56.06641123882503,
    58.36526181353768,
    55.87484035759898,
    54.46998722860792,
    54.853128991060025,
    57.34355044699872,
    55.61941251596424,
    57.088122605363985
  ]
}