{
  "loss": [
    1.0820660474253636,
    1.0264782286157794,
    0.9956775144034741,
    0.9781887940332001,
    0.9645294091280769,
    0.9560424533544802,
    0.9566990756521038,
    0.9513469677345425,
    0.9782823043711045,
    0.9485193502669241,
    0.9470609777113971,
    0.9307983576082716,
    0.9303043075636321,
    0.9317426062097737,
    0.928863690179937,
    0.9243975947884953,
    0.9150181588004617,
    0.9189463725277022,
    0.9087500665702072,
    0.9081939739339492,
    0.8999222131336436,
    0.9091848777789696,
    0.9053531230664721,
    0.9036836331965876,
    0.8945344686508179,
    0.8836936179329368,
    0.8909786028020522,
    0.9063816631541532,
    0.8867642482121786,
    0.880941348917344,
    0.8950476880167045,
    0.8840299716182783,
    0.8796210557806725,
    0.8674286580553242,
    0.8634463092860054,
    0.8654332079139411,
    0.856566750535778,
    0.8530207907452303,
    0.8449854453404745,
    0.843540773672216,
    0.8458133304820341,
    0.8449316983129463
  ],
  "val_loss": [
    1.0617837210496266,
    0.9765664140383402,
    0.98957892258962,
    0.9267624119917551,
    0.9675634702046713,
    0.9154514670372009,
    0.910880317290624,
    1.013492614030838,
    0.941802849372228,
    0.9184285899003347,
    0.9335648417472839,
    0.9251247048377991,
    0.9768619438012441,
    0.963146964708964,
    0.9455373088518778,
    0.9264044165611267,
    0.9229912161827087,
    0.9306212762991587,
    0.9528136154015859,
    0.9079819718996683,
    0.9205830693244934,
    0.9568967521190643,
    0.9383292297522227,
    0.9599861105283102,
    0.9251542091369629,
    0.9207445681095123,
    0.8852164546648661,
    0.9058881203333536,
    0.9064658582210541,
    0.9575029710928599,
    0.8946868975957235,
    0.9217075208822886,
    0.9249926010767618,
    0.9445268213748932,
    1.0300040543079376,
    0.9857825040817261,
    0.9301716486612955,
    0.9459147850672404,
    0.952066034078598,
    0.9372598032156626,
    0.9704325695832571,
    0.9488523801167806
  ],
  "accuracy": [
    33.767791460099154,
    40.42859427474812,
    46.873500719654565,
    50.839596993443145,
    51.03950103950104,
    51.903086518471135,
    50.42379657764273,
    53.518311210618904,
    48.3687829841676,
    53.36638413561491,
    53.83815768431153,
    55.477370861986245,
    55.109547417239725,
    55.549336318567086,
    56.564848872541184,
    56.55685271069886,
    57.484407484407484,
    57.02063009755317,
    58.8677434831281,
    59.427474812090196,
    59.81129058052135,
    59.331520869982405,
    59.22757076603231,
    60.08316008316008,
    61.23460738845354,
    61.93027346873501,
    61.89029265952343,
    58.132096593635055,
    61.89029265952343,
    62.71389732928194,
    61.94626579241964,
    61.60243083320007,
    63.233647849032465,
    65.01679193986887,
    65.31264992803455,
    65.27266911882296,
    66.11226611226611,
    66.20022389253158,
    66.49608188069726,
    67.16775947545179,
    67.43962897809051,
    67.03982088597473
  ],
  "val_accuracy": [
    33.23741007194245,
    48.992805755395686,
    50.86330935251799,
    53.45323741007194,
    54.460431654676256,
    53.23741007194245,
    55.32374100719424,
    46.18705035971223,
    56.906474820143885,
    54.60431654676259,
    57.194244604316545,
    56.18705035971223,
    55.17985611510792,
    57.62589928057554,
    55.25179856115108,
    57.410071942446045,
    56.330935251798564,
    61.36690647482014,
    59.280575539568346,
    61.94244604316547,
    60.719424460431654,
    61.223021582733814,
    60.431654676258994,
    62.73381294964029,
    64.02877697841727,
    62.51798561151079,
    62.94964028776978,
    64.46043165467626,
    62.94964028776978,
    60.79136690647482,
    62.0863309352518,
    61.43884892086331,
    63.23741007194245,
    60.57553956834533,
    57.84172661870504,
    59.064748201438846,
    64.31654676258992,
    60.64748201438849,
    60.719424460431654,
    61.223021582733814,
    60.86330935251799,
    62.15827338129496
  ]
}