{
  "loss": [
    1.087828463199092,
    1.046930609964857,
    1.0098305449766272,
    0.9952509111049128,
    0.982040615642772,
    0.9766367860868865,
    0.9588169911328484,
    0.9562588205524519,
    0.9472185279808792,
    0.9487131588599261,
    0.9428275098987654,
    0.9522262472732395,
    0.9490649524857017,
    0.9624641385732913,
    0.9330945797995025,
    0.931569398618212,
    0.9390240346684176,
    0.9261151049651352,
    0.9189264844445622,
    0.9205713026663837,
    0.9180129369099935,
    0.9191465868669397,
    0.9191205595053878,
    0.9128674666086832,
    0.901443362236023,
    0.8919978562523337,
    0.8896105534890119,
    0.8831681527343451,
    0.9122571021902794,
    0.8834492949878469,
    0.890098374263913,
    0.8796548013593636,
    0.8711452776310491,
    0.8600693543752035,
    0.8731042789477929,
    0.8651722482606476,
    0.8547877587524115,
    0.8710349272279179,
    0.8621861689230975,
    0.8418571352958679,
    0.8357781370480856,
    0.8365728095466015,
    0.8281151979577308,
    0.8192569706954208,
    0.8241570334808499,
    0.8501484323950375
  ],
  "val_loss": [
    1.063757489124934,
    0.9939099252223969,
    0.9573934276898702,
    0.9869004587332407,
    0.9689095914363861,
    0.9313777387142181,
    0.9336274762948354,
    0.9648833771546682,
    0.9178173243999481,
    0.9162021080652872,
    0.9134312371412913,
    0.9547548989454905,
    0.9422997534275055,
    0.9185719390710195,
    0.9125745892524719,
    0.9103429714838663,
    0.9393511613210043,
    0.9368208150068918,
    0.9417036672433218,
    0.9466559588909149,
    0.9434438745180765,
    0.9714956879615784,
    0.9396980106830597,
    0.9712229073047638,
    0.9677609900633494,
    0.8930979073047638,
    0.953995962937673,
    0.953822652498881,
    0.9146725038687388,
    0.9059035778045654,
    0.8824289937814077,
    0.9202346205711365,
    0.9198474685351054,
    0.9285810192426046,
    0.9162693421045939,
    0.9247191150983175,
    0.9310332934061686,
    0.9443343977133433,
    0.9013895988464355,
    0.9224548041820526,
    0.9108892778555552,
    0.9338522553443909,
    0.9159837563832601,
    0.9307277500629425,
    0.9482660392920176,
    0.9058748284975687
  ],
  "accuracy": [
    30.385415000799615,
    39.19718535103151,
    43.7310091156245,
    47.657124580201504,
    49.20038381576843,
    50.14393091316168,
    50.79162002238925,
    51.63921317767472,
    53.1105069566608,
    52.366863905325445,
    53.18247241324164,
    51.18343195266272,
    54.15800415800416,
    51.975051975051976,
    54.813689429074046,
    54.66975851591236,
    54.35790820406205,
    55.82920198304814,
    57.06061090676475,
    57.06860706860707,
    58.156085079162004,
    57.788261634415484,
    58.73980489365105,
    59.5314249160403,
    60.70686070686071,
    61.386534463457544,
    61.570446185830804,
    62.72189349112426,
    60.26707180553334,
    62.122181352950584,
    60.874780105549334,
    62.69790500559731,
    63.97729090036783,
    65.32864225171917,
    64.02526787142172,
    64.43307212537982,
    65.77642731488885,
    64.49704142011835,
    66.32816248200864,
    67.59155605309452,
    68.57508395969934,
    67.61554453862146,
    70.51815128738205,
    70.49416280185511,
    70.92595554134016,
    67.1757556372941
  ],
  "val_accuracy": [
    35.39568345323741,
    46.54676258992806,
    50.719424460431654,
    51.58273381294964,
    52.51798561151079,
    54.24460431654676,
    54.53237410071942,
    55.39568345323741,
    55.10791366906475,
    53.81294964028777,
    54.89208633093525,
    55.25179856115108,
    53.669064748201436,
    57.62589928057554,
    57.410071942446045,
    57.410071942446045,
    60.431654676258994,
    58.776978417266186,
    59.35251798561151,
    56.402877697841724,
    59.78417266187051,
    58.1294964028777,
    61.007194244604314,
    61.007194244604314,
    60.719424460431654,
    61.223021582733814,
    60.64748201438849,
    61.726618705035975,
    62.302158273381295,
    64.82014388489209,
    63.16546762589928,
    63.7410071942446,
    64.10071942446044,
    62.44604316546763,
    62.94964028776978,
    64.1726618705036,
    61.510791366906474,
    62.87769784172662,
    64.38848920863309,
    63.45323741007194,
    63.30935251798561,
    63.30935251798561,
    64.89208633093526,
    60.431654676258994,
    61.798561151079134,
    63.381294964028775
  ]
}