{
  "loss": [
    1.0872220525554581,
    1.0113715693062426,
    0.9761018858236425,
    0.980997058690763,
    0.9567363577730515,
    0.9626039219837562,
    0.9642263779453203,
    0.9501381633328456,
    0.9518888616094402,
    0.940735753844766,
    0.948348783979229,
    0.9451791094798668,
    0.9386894340608635,
    0.9648440725663129,
    0.9445424383761836,
    0.938646024348689,
    0.942123180510951,
    0.9314969988430247,
    0.9327242421168908,
    0.9331753090316174,
    0.9351742489665162,
    0.9202180422988593,
    0.9294597459774391,
    0.9208303514648887,
    0.920402211301467,
    0.9293471808527031,
    0.9260661403338114,
    0.9226567686772814,
    0.9151124439987481,
    0.9145967399372774,
    0.9123754232537513,
    0.9157532371726691,
    0.9115587414479723,
    0.926440858373455,
    0.9097780561914631
  ],
  "val_loss": [
    1.0539741615454357,
    0.9376583397388458,
    0.9773412843545278,
    0.9331926703453064,
    0.9848180115222931,
    0.9812509914239248,
    0.9404616554578146,
    0.9356540938218435,
    0.9233024418354034,
    0.9295084873835245,
    0.9236585100491842,
    0.9571219782034556,
    1.0207361976305644,
    0.9299938678741455,
    0.9413827558358511,
    0.964500774939855,
    0.9167554875214895,
    0.9320804675420126,
    0.955895205338796,
    0.9117459257443746,
    0.9220787684122721,
    0.9210315148035685,
    0.9329104721546173,
    0.9281013309955597,
    0.9660928845405579,
    1.004952996969223,
    0.9837607145309448,
    1.0061494211355846,
    0.9840398629506429,
    0.9527163803577423,
    0.9347665111223856,
    0.9518360197544098,
    0.9698761502901713,
    0.9461484750111898,
    0.9737088084220886
  ],
  "accuracy": [
    25.955541340156724,
    44.722533184071644,
    49.44826483288022,
    48.87254118023349,
    52.74268351191428,
    51.49528226451304,
    52.03102510794818,
    53.2624340316648,
    52.4468255237486,
    53.03854150007996,
    54.3339197185351,
    53.68623060930753,
    53.14249160403006,
    51.791140252678716,
    55.269470654086035,
    55.94914441068287,
    54.34191588037742,
    55.43739005277467,
    56.173036942267714,
    56.45290260674876,
    55.181512873820566,
    57.98016951863106,
    55.48536702382856,
    57.29249960019191,
    57.17255717255717,
    55.965136734367505,
    56.700783623860545,
    57.668319206780744,
    59.13161682392452,
    58.020150327842636,
    58.5638893331201,
    58.65984327522789,
    58.65984327522789,
    57.57236526467296,
    59.18758995682072
  ],
  "val_accuracy": [
    37.410071942446045,
    50.64748201438849,
    50.719424460431654,
    55.03597122302158,
    50.50359712230216,
    53.81294964028777,
    55.46762589928058,
    53.45323741007194,
    55.89928057553957,
    55.68345323741007,
    56.54676258992806,
    55.89928057553957,
    51.29496402877698,
    56.115107913669064,
    58.34532374100719,
    54.388489208633096,
    55.97122302158273,
    56.97841726618705,
    56.0431654676259,
    55.539568345323744,
    57.410071942446045,
    55.03597122302158,
    57.55395683453237,
    56.330935251798564,
    59.064748201438846,
    53.02158273381295,
    54.172661870503596,
    55.827338129496404,
    53.9568345323741,
    55.827338129496404,
    56.47482014388489,
    54.96402877697842,
    54.24460431654676,
    54.53237410071942,
    55.03597122302158
  ]
}