{
  "loss": [
    1.092712531801802,
    1.0728199217653922,
    1.05874807883172,
    1.0301910317861116,
    0.9852860664350415,
    0.975387093168578,
    0.9672986813799828,
    0.9620519674201896,
    0.9554965490669147,
    0.9495853231503413,
    0.9444998060416312,
    0.9428880263237932,
    0.9415835695029384,
    0.9405250236459447,
    0.935439039139726,
    0.934279227958006,
    0.9325998007442078,
    0.9263760469078478,
    0.9286360257890969,
    0.9212177395820618,
    0.921737786062163,
    0.9158530585906085,
    0.9183571424958933,
    0.910088512422812,
    0.9087534789585959,
    0.9059043998631956,
    0.9041269135690922,
    0.9040266240344328,
    0.8988239775955408,
    0.8975956626067874,
    0.8975221983987282,
    0.8943865353165709,
    0.8916131271496078,
    0.8903941177674548,
    0.8878599372924183,
    0.8890756724646728,
    0.8888090541459855
  ],
  "val_loss": [
    1.0704838490486146,
    1.065443766117096,
    1.0383474850654602,
    0.992289891242981,
    0.9872294354438782,
    0.9847820734977722,
    0.9816411542892456,
    0.9651775193214417,
    0.9604607534408569,
    0.9693002724647521,
    0.9883280491828919,
    0.9439249014854432,
    0.9386909627914428,
    0.9455574703216553,
    0.9232998442649841,
    0.9374765658378601,
    0.9404545211791993,
    0.9653798246383667,
    0.976522080898285,
    0.9610758519172669,
    0.9288088464736939,
    0.9212109732627869,
    0.9492947626113891,
    0.937238962650299,
    0.9369945931434631,
    0.9354579973220826,
    0.9347058272361756,
    0.9590200781822205,
    0.932646632194519,
    0.9326815819740295,
    0.9269144725799561,
    0.9337394785881042,
    0.93487149477005,
    0.9319919180870057,
    0.9334928226470948,
    0.9288707971572876,
    0.9320950341224671
  ],
  "accuracy": [
    50.29451422894046,
    50.84096231637215,
    45.07132212050245,
    47.13647008728976,
    51.011283798169046,
    51.905471577602725,
    53.86416861826698,
    53.80029806259314,
    55.63835072031793,
    56.24866936342346,
    56.56802214179263,
    57.02221275991768,
    56.96543893265205,
    57.89511035412675,
    57.873820168902135,
    58.5480093676815,
    58.264140231353345,
    58.83897523241786,
    58.69704066425378,
    59.62671208572848,
    59.17961819601164,
    60.144773259527355,
    59.42800369029877,
    60.804769001490314,
    61.400894187779436,
    61.088638137818464,
    61.8905684479455,
    61.97572918884394,
    62.70669221488894,
    62.848626783053014,
    62.55766091831666,
    62.91959406713505,
    63.42346178411752,
    63.40926832730111,
    63.87055567383436,
    63.444751969342136,
    63.9344262295082
  ],
  "val_accuracy": [
    54.406130268199234,
    54.406130268199234,
    42.65644955300128,
    55.04469987228608,
    52.043422733077904,
    50.0,
    49.808429118773944,
    55.49169859514687,
    55.172413793103445,
    52.745849297573436,
    50.57471264367816,
    58.62068965517241,
    58.93997445721584,
    56.44955300127714,
    61.49425287356322,
    58.10983397190294,
    58.10983397190294,
    58.55683269476373,
    51.97956577266922,
    54.533844189016605,
    60.40868454661558,
    61.36653895274585,
    57.662835249042146,
    59.00383141762452,
    57.8544061302682,
    59.450830140485316,
    59.13154533844189,
    58.23754789272031,
    60.02554278416348,
    59.897828863346106,
    60.15325670498084,
    59.897828863346106,
    59.770114942528735,
    59.770114942528735,
    60.089399744572155,
    59.770114942528735,
    60.3448275862069
  ]
}