{
  "loss": [
    1.0887257982702816,
    1.0401266310729234,
    1.0303628736851262,
    1.0108553498399024,
    0.9813606306618335,
    0.9786640580962686,
    0.9746184384121614,
    0.966630779060663,
    0.9646656595024408,
    0.9628311687824773,
    0.9574076264512306,
    0.9487689242643469,
    0.9459315631903854,
    0.9484362508736405,
    0.9488086595254785,
    0.9333822212967218,
    0.9291983118244246,
    0.9412735840853523,
    0.9293555348527198,
    0.9309598920392055,
    0.928334050318774,
    0.9249483405375013,
    0.9141047970921385
  ],
  "val_loss": [
    1.069279948870341,
    1.0218053956826527,
    0.9614406625429789,
    0.9620719452699026,
    0.9639797409375509,
    0.9512910743554434,
    0.9378783305486044,
    0.935627410809199,
    0.9912699361642202,
    0.9435244500637054,
    0.9491049547990164,
    0.9723632534344991,
    0.9450607597827911,
    0.9834188123544058,
    0.9440798362096151,
    0.9807612697283427,
    0.945885052283605,
    0.9407169620196024,
    0.9531899889310201,
    0.9641628166039785,
    0.9622322718302408,
    0.9690230588118235,
    0.9403941432634989
  ],
  "accuracy": [
    27.442827442827443,
    35.28706221013913,
    40.19670558132096,
    44.62657924196386,
    46.505677274908045,
    49.848072924996,
    50.55173516711978,
    50.399808092115784,
    50.703662242123784,
    51.303374380297456,
    52.53478330401407,
    52.50279865664481,
    53.18247241324164,
    52.61474492243723,
    52.74268351191428,
    54.59779305933152,
    54.67775467775468,
    54.36590436590436,
    55.365424596193826,
    55.845194306732765,
    56.02910602910603,
    55.845194306732765,
    57.468415160722856
  ],
  "val_accuracy": [
    36.83453237410072,
    42.805755395683455,
    46.402877697841724,
    48.273381294964025,
    54.24460431654676,
    54.10071942446043,
    53.02158273381295,
    53.52517985611511,
    51.15107913669065,
    53.9568345323741,
    54.172661870503596,
    53.381294964028775,
    54.82014388489208,
    51.007194244604314,
    53.52517985611511,
    52.23021582733813,
    52.014388489208635,
    54.02877697841727,
    55.539568345323744,
    54.10071942446043,
    57.26618705035971,
    52.37410071942446,
    57.33812949640288
  ]
}