{
  "loss": [
    1.0816114416309432,
    1.0294183469286151,
    0.989243701392529,
    0.973744135276944,
    0.9684286281174305,
    0.9578653877856684,
    0.947243729058434,
    0.9405534244051167,
    0.9358583431617886,
    0.9365520278612772,
    0.9266744781942928,
    0.9267271219515333,
    0.9375139825484332,
    0.9209258205750409,
    0.9150628412471098,
    0.9120801278189117,
    0.9033527549575356,
    0.9214022311509824,
    0.9079433001723944,
    0.8845330465073679,
    0.8830394931868011,
    0.8749809954680648,
    0.916739260449129,
    0.892193359487197,
    0.8792133436483496,
    0.8799161875949186
  ],
  "val_loss": [
    1.0197834173838298,
    1.0106570621331532,
    0.9436807235081991,
    0.9742907683054606,
    1.0466877420743306,
    1.0045217474301655,
    0.9571674366792043,
    0.9661466578642527,
    1.0341953138510387,
    0.9463908572991689,
    0.9283680121103922,
    0.9802058835824331,
    0.9413511256376902,
    0.9869599441687266,
    0.9749363561471304,
    1.0072932243347168,
    0.9942525724569956,
    0.977341761191686,
    0.9948901136716207,
    1.0048697292804718,
    0.9768349428971609,
    1.0364169975121815,
    1.0351178646087646,
    0.9600682258605957,
    0.9658852020899454,
    0.959731936454773
  ],
  "accuracy": [
    32.57276895191385,
    43.38415609340015,
    46.50815651988485,
    50.634395991043824,
    50.868962575967586,
    51.64729715321463,
    54.270178057362195,
    53.992963002452285,
    55.46433521697409,
    54.87791875466468,
    56.74378931655827,
    56.28531826420727,
    55.357714042008745,
    58.10854035611472,
    58.662970465934535,
    58.32178270604542,
    60.75274549525536,
    57.948608593666705,
    60.0916942104702,
    63.332977929416785,
    63.674165689305894,
    64.14329885915343,
    59.036144578313255,
    61.95756477236379,
    63.69548992429897,
    63.290329459430644
  ],
  "val_accuracy": [
    46.78811121764142,
    46.40460210930009,
    54.170661553211886,
    48.6097794822627,
    39.40556088207095,
    45.63758389261745,
    49.95206136145733,
    51.77372962607862,
    40.26845637583892,
    55.896452540747845,
    57.622243528283796,
    51.29434324065196,
    57.90987535953979,
    49.856184084372,
    48.897411313518695,
    50.04793863854267,
    48.993288590604024,
    49.18504314477469,
    50.33557046979866,
    50.33557046979866,
    52.6366251198466,
    44.77468839884947,
    52.25311601150527,
    54.07478427612656,
    53.88302972195589,
    54.650047938638544
  ]
}